{"image_brightness": 0.7, "zoom_scale": 1.3333333333333333, "image_index": 2, "x": -3.0, "y": 39.0, "yview": 0.2171875, "xview": 0.1242672919109027}