{"image_brightness": 1.0, "zoom_scale": 5.618655692729766, "image_index": 1, "x": 58.0, "y": 105.0, "yview": 0.4741878059635069, "xview": 0.4108484005563282}